coin,symbol,price,1h,24h,7d,24h_volume,mkt_cap,abs_7d_change,abs_24h_change,Liquidity
Bitcoin,BTC,40851.38,0.001,0.0,-0.027,20476118020.0,776077432316.0,-1102.9872599999999,0.0,0.026384117315323013
Ethereum,ETH,2824.42,0.004,0.0289999999999999,0.034,13640408875.0,339077214308.0,96.03028,81.90817999999972,0.04022803154979847
Tether,USDT,1.0,-0.0,0.0,0.0,44131404071.0,80205879149.0,0.0,0.0,0.5502265487174106
BNB,BNB,389.61,0.002,0.016,-0.01,1425353937.0,65561157431.0,-3.8961,6.23376,0.02174082936989203
USD Coin,USDC,0.999739,-0.001,0.0,-0.0,3569816487.0,52596068421.0,-0.0,0.0,0.06787230669839728
XRP,XRP,0.796926,0.006,0.016,0.038,3642947060.0,38342363497.0,0.030283188,0.012750816,0.09501101986801187
Terra,LUNA,87.64,-0.0,-0.02,-0.118,1555363904.0,32256574723.0,-10.34152,-1.7528000000000001,0.04821850792765589
Solana,SOL,90.62,0.016,0.0579999999999999,0.0279999999999999,1921988835.0,29270600684.0,2.537359999999991,5.255959999999991,0.06566277391261753
Cardano,ADA,0.838396,0.002,0.018,-0.013,784436216.0,26891734979.0,-0.010899147999999999,0.015091127999999999,0.029170160148185804
Avalanche,AVAX,79.78,0.002,0.083,0.027,1386901493.0,21282040395.0,2.15406,6.621740000000001,0.065167693851659
Polkadot,DOT,18.88,0.001,0.02,0.0559999999999999,665211395.0,20667608398.0,1.057279999999998,0.3776,0.03218618149666375
Binance USD,BUSD,0.999538,-0.001,-0.002,-0.001,3713594658.0,17812484632.0,-0.0009995380000000001,-0.0019990760000000002,0.20848268698733663
Dogecoin,DOGE,0.11685,0.001,0.011,-0.038,364002532.0,15509604862.0,-0.0044402999999999995,0.0012853499999999998,0.023469491017907275
TerraUSD,UST,1.0,-0.0,-0.001,0.002,566868455.0,15173316373.0,0.002,-0.001,0.0373595620802258
Shiba Inu,SHIB,2.2354322e-05,-0.002,-0.002,-0.063,435900196.0,12283647613.0,-1.408322286e-06,-4.4708644e-08,0.03548621791614074
Wrapped Bitcoin,WBTC,40815.68,-0.001,0.0,-0.0279999999999999,257062192.0,11140930359.0,-1142.839039999996,0.0,0.02307367371633707
Cronos,CRO,0.40337,-0.001,0.004,-0.013,64923668.0,10212443722.0,-0.00524381,0.00161348,0.006357309745574332
Polygon,MATIC,1.46,0.009,0.012,-0.031,584477121.0,10031137796.0,-0.04526,0.01752,0.0582662837343402
Dai,DAI,1.0,0.0,0.001,0.0,233460109.0,9445061382.0,0.0,0.001,0.02471769103003591
Cosmos Hub,ATOM,28.48,0.005,-0.012,-0.053,504577854.0,8263048473.0,-1.50944,-0.34176,0.06106437057082964
Litecoin,LTC,110.64,-0.002,0.011,0.037,541046078.0,7733039423.0,4.09368,1.21704,0.06996551399838893
Lido Staked Ether,STETH,2824.49,0.005,0.03,0.035,6987747.0,7293486788.0,98.85715,84.73469999999999,0.0009580804357522064
Near,NEAR,10.9,0.003,0.026,-0.063,392643350.0,7152121268.0,-0.6867,0.2834,0.05489886640440001
Chainlink,LINK,14.54,0.003,0.009,0.037,555565709.0,6790110728.0,0.5379799999999999,0.13085999999999998,0.08181983052338819
TRON,TRX,0.060963260767,0.001,0.004,0.002,431830570.0,6203344202.0,0.00012192652153400001,0.00024385304306800002,0.0696125438051261
FTX Token,FTT,43.02,0.001,0.016,0.004,63018114.0,5917599044.0,0.17208,0.68832,0.010649270680800117
LEO Token,LEO,6.23,0.004,0.044,0.068,1071771.0,5840393387.0,0.42364000000000007,0.27412000000000003,0.00018351007012398017
Bitcoin Cash,BCH,297.65,0.002,0.006,-0.035,1192569491.0,5652413614.0,-10.41775,1.7858999999999998,0.2109841162448237
OKB,OKB,19.98,0.001,0.049,0.075,170494374.0,5198998452.0,1.4985,0.9790200000000001,0.03279369585778826
Algorand,ALGO,0.755697,0.013,0.034,-0.017,138333415.0,5010872275.0,-0.012846849,0.025693698,0.027606653574102524
Stellar,XLM,0.190708,0.003,0.021,0.009,202509305.0,4685689241.0,0.0017163719999999999,0.004004868,0.04321868023769782
Uniswap,UNI,9.22,0.002,0.02,0.003,158548328.0,4212948930.0,0.027660000000000004,0.1844,0.0376335746372316
Hedera,HBAR,0.206426,0.001,0.031,-0.031,50736623.0,4083726959.0,-0.006399206,0.006399206,0.012424097768873387
Axie Infinity,AXS,50.9,0.006,0.01,0.044,229754416.0,3771229668.0,2.2396,0.509,0.06092294456355555
Decentraland,MANA,2.45,0.002,0.01,-0.019,385577318.0,3706590158.0,-0.04655,0.0245,0.1040248048918496
The Sandbox,SAND,3.21,0.004,0.042,0.083,1054426538.0,3671953183.0,0.26643,0.13482,0.2871568577948288
Internet Computer,ICP,16.83,0.003,0.034,-0.037,139063958.0,3629124742.0,-0.6227099999999999,0.57222,0.038318869668657975
Ethereum Classic,ETC,27.11,0.004,0.006,-0.036,254873416.0,3623500485.0,-0.9759599999999999,0.16266,0.07033900424605573
Elrond,EGLD,159.18,-0.003,-0.02,0.121,163087133.0,3510358610.0,19.26078,-3.1836,0.046458824045899974
Monero,XMR,187.35,0.003,-0.01,-0.0069999999999999,162222710.0,3388734398.0,-1.3114499999999814,-1.8735,0.047871178719625346
cETH,CETH,56.52,0.001,0.052,0.037,4709.81,3354874341.0,2.09124,2.93904,1.403870762741036e-06
VeChain,VET,0.048673709569,0.004,0.016,0.002,226027621.0,3250000117.0,9.734741913800001e-05,0.0007787793531040001,0.06954695780400183
Filecoin,FIL,17.67,0.002,0.024,-0.062,194035869.0,3150729995.0,-1.0955400000000002,0.42408000000000007,0.061584416724988204
Fantom,FTM,1.22,-0.003,0.001,-0.107,662240690.0,3103751456.0,-0.13054,0.00122,0.21336782258121637
Klaytn,KLAY,1.1,0.004,-0.002,-0.032,40036524.0,3037372912.0,-0.0352,-0.0022,0.013181300143233779
Osmosis,OSMO,9.33,0.002,-0.0069999999999999,-0.077,61428078.0,3010426563.0,-0.71841,-0.06530999999999908,0.020405107619959572
Waves,WAVES,28.78,0.003,0.0069999999999999,0.008,728914468.0,2875764773.0,0.23024,0.20145999999999714,0.2534680426033579
Frax,FRAX,0.999541,0.001,-0.0,-0.001,15926230.0,2873694989.0,-0.000999541,-0.0,0.005542073901705927
Theta Network,THETA,2.87,0.003,0.019,-0.065,102779208.0,2860648763.0,-0.18655000000000002,0.05453,0.03592863595466858
Magic Internet Money,MIM,0.998598,0.001,0.001,-0.002,57656794.0,2782892167.0,-0.001997196,0.000998598,0.02071829971843821
Tezos,XTZ,3.1,0.003,0.017,-0.027,74557601.0,2726280216.0,-0.0837,0.052700000000000004,0.027347739444550184
The Graph,GRT,0.4138,0.012,-0.06,0.193,215095821.0,2557806263.0,0.0798634,-0.024828,0.08409386751118453
cUSDC,CUSDC,0.022557565168,0.002,0.001,0.001,1167.72,2466484503.0,2.2557565168000003e-05,2.2557565168000003e-05,4.734349632360127e-07
THORChain,RUNE,8.08,0.006,0.1159999999999999,0.4639999999999999,384542700.0,2430711865.0,3.749119999999999,0.9372799999999991,0.15820167973714153
Helium,HNT,22.94,0.004,0.057,0.057,21484397.0,2312307759.0,1.3075800000000002,1.3075800000000002,0.009291322453240965
EOS,EOS,2.09,0.006,0.012,0.009,228300347.0,2061422334.0,0.018809999999999997,0.025079999999999998,0.11074894418020796
Flow,FLOW,5.72,0.01,0.052,-0.053,118680955.0,2031100138.0,-0.30316,0.29744,0.058431858075133465
Aave,AAVE,147.18,0.0069999999999999,0.071,0.153,406722278.0,2009385126.0,22.51854,10.449779999999999,0.2024113111704202
IOTA,MIOTA,0.714113,-0.0,0.003,-0.033,23553216.0,1985719860.0,-0.023565729,0.002142339,0.011861298501592264
ECOMI,OMI,0.003390695541,0.001,-0.0069999999999999,-0.253,3682195.0,1972387319.0,-0.000857845971873,-2.373486878699966e-05,0.0018668721728888787
cDAI,CDAI,0.021937899212,0.0,0.001,0.001,187.54,1928856560.0,2.1937899212000003e-05,2.1937899212000003e-05,9.722858811232702e-08
Theta Fuel,TFUEL,0.164365,0.005,0.012,0.025,15319348.0,1886178774.0,0.004109125000000001,0.00197238,0.0081218960849148
Maker,MKR,2079.04,0.008,0.052,0.087,96980207.0,1874509741.0,180.87648,108.11008,0.05173630463411926
Zcash,ZEC,152.32,0.0,0.023,0.076,357248948.0,1862253242.0,11.576319999999999,3.50336,0.1918369317034058
PancakeSwap,CAKE,6.51,0.002,0.172,0.043,449533416.0,1806774957.0,0.27992999999999996,1.1197199999999998,0.24880432079178968
JUNO,JUNO,39.16,0.003,0.021,-0.071,8314477.0,1786829872.0,-2.7803599999999995,0.82236,0.004653200134097602
Gala,GALA,0.230194,-0.001,0.01,-0.0139999999999999,598834885.0,1738051630.0,-0.003222715999999977,0.00230194,0.3445437837770101
BitTorrent,BTT,1.826877e-06,0.002,0.009,-0.017,72096087.0,1685671515.0,-3.1056909000000006e-08,1.6441892999999998e-08,0.04276995034824445
Arweave,AR,33.62,0.016,0.034,-0.107,39217699.0,1683869236.0,-3.5973399999999995,1.14308,0.023290228339322188
Huobi BTC,HBTC,40909.07,-0.001,-0.008,-0.027,2193840.0,1631618698.0,-1104.54489,-327.27256,0.0013445788545382311
Harmony,ONE,0.13101,0.0069999999999999,0.027,-0.035,66326965.0,1548715682.0,-0.00458535,0.0035372699999999995,0.04282707650660956
Quant,QNT,114.66,0.005,0.018,-0.035,21373345.0,1538860559.0,-4.0131000000000006,2.0638799999999997,0.013889071933774866
eCash,XEC,7.9780188e-05,-0.002,0.0069999999999999,0.046,23608652.0,1517444421.0,3.669888648e-06,5.584613159999921e-07,0.01555816586972051
Bitcoin SV,BSV,78.09,0.002,0.013,-0.065,82946701.0,1484128146.0,-5.07585,1.01517,0.055889177240898445
NEO,NEO,20.65,0.001,0.026,-0.03,131240437.0,1456710686.0,-0.6194999999999999,0.5368999999999999,0.09009368727868315
Huobi Token,HT,9.11,0.0,0.013,-0.001,29386478.0,1418233628.0,-0.00911,0.11843,0.020720477515006434
TrueUSD,TUSD,1.0,0.0,-0.0,-0.001,96692815.0,1413028225.0,-0.001,-0.0,0.06842950005474943
Xido Finance,XIDO,48.68,0.047,0.5770000000000001,1.357,1489749.0,1388958494.0,66.05875999999999,28.08836,0.0010725655276492374
Celsius Network,CEL,3.27,0.001,0.03,0.0559999999999999,3708538.0,1388056538.0,0.18311999999999967,0.09809999999999999,0.0026717485192235017
KuCoin Token,KCS,18.19,-0.006,-0.011,-0.032,8987570.0,1385861365.0,-0.58208,-0.20009,0.006485186921997786
Enjin Coin,ENJ,1.42,0.004,0.017,0.021,113142084.0,1330338268.0,0.02982,0.02414,0.08504760535085201
Stacks,STX,1.26,0.004,0.001,0.119,24411447.0,1327159918.0,0.14994,0.00126,0.018393749441128013
Humans.ai,HEART,0.041455610624,-0.006,-0.063,-0.5579999999999999,898844.0,1309127902.0,-0.023132230728192,-0.0026117034693120002,0.000686597542246869
Celo,CELO,3.01,-0.025,0.195,0.044,746494395.0,1293158139.0,0.13243999999999997,0.58695,0.5772645838793271
Basic Attention Token,BAT,0.851143,0.002,0.035,0.241,207580189.0,1275120629.0,0.20512546299999998,0.029790005,0.16279258940606472
Radix,XRD,0.128757,0.02,0.053,0.074,221810.0,1262403652.0,0.009528018000000001,0.006824121000000001,0.00017570449804117012
NEXO,NEXO,2.21,0.006,0.0139999999999999,0.02,5428058.0,1240018250.0,0.0442,0.030939999999999777,0.004377401703563637
Kusama,KSM,134.99,0.0069999999999999,0.064,0.0,69995764.0,1211430260.0,0.0,8.63936,0.057779441632900934
Amp,AMP,0.025125131288,-0.002,0.005,-0.033,6754386.0,1207186380.0,-0.0008291293325040001,0.00012562565644000002,0.005595147619210217
Chiliz,CHZ,0.203275,0.018,0.025,0.013,108108608.0,1083816831.0,0.002642575,0.0050818750000000005,0.0997480431266711
Kadena,KDA,6.24,0.008,0.003,-0.053,48584887.0,1069867085.0,-0.33072,0.01872,0.045412077519891174
Dash,DASH,96.91,0.002,-0.0069999999999999,-0.0289999999999999,165410045.0,1029536952.0,-2.81038999999999,-0.6783699999999904,0.1606645052211783
Frax Share,FXS,17.71,0.002,-0.01,-0.012,3134769.0,1023317870.0,-0.21252000000000001,-0.1771,0.003063338471749741
Convex Finance,CVX,18.71,0.006,0.024,0.095,22222451.0,1013012985.0,1.7774500000000002,0.44904000000000005,0.021936985338840448
BitDAO,BIT,1.14,0.003,0.012,0.001,42339293.0,1011521016.0,0.00114,0.01368,0.041857057174578764
Pax Dollar,USDP,0.99955,-0.001,-0.0,-0.001,71689116.0,995452485.0,-0.00099955,-0.0,0.07201661262616668
Synthetix Network Token,SNX,4.48,0.001,0.059,-0.06,99940204.0,960919289.0,-0.26880000000000004,0.26432,0.1040047849429735
GateToken,GT,6.32,-0.004,-0.031,-0.05,6795778.0,959114001.0,-0.31600000000000006,-0.19592,0.007085474711988903
Loopring,LRC,0.715444,-0.001,0.0069999999999999,-0.033,92431592.0,891618804.0,-0.023609652000000002,0.005008107999999929,0.10366716312546499
NEM,XEM,0.097812627388,0.003,-0.004,-0.027,12854080.0,880846859.0,-0.002640940939476,-0.00039125050955200004,0.014592865795755763
Mina Protocol,MINA,2.02,-0.013,0.118,0.068,132755480.0,851729245.0,0.13736,0.23836,0.15586582329928098
Curve DAO Token,CRV,2.13,-0.002,0.0559999999999999,-0.011,162949799.0,838186885.0,-0.023429999999999996,0.11927999999999978,0.19440747870923797
Oasis Network,ROSE,0.228057,0.002,0.002,-0.047,46311590.0,795948991.0,-0.010718679,0.00045611400000000003,0.058184117982002695
ApeCoin,APE,7.72,0.05,-0.255,-0.0139999999999999,1129583103.0,794922002.0,-0.10807999999999922,-1.9686,1.4209986642186312
Secret,SCRT,4.73,0.004,0.0279999999999999,-0.002,7931935.0,784928146.0,-0.009460000000000001,0.13243999999999953,0.01010530077233337
LINK,LN,131.31,0.001,0.017,0.022,2027017.0,784870999.0,2.88882,2.23227,0.0025826116681373266
cUSDT,CUSDT,0.021768404499,0.0,0.0,0.0,5320.09,775840943.0,0.0,0.0,6.857191603511443e-06
Compound,COMP,115.17,0.001,0.051,0.045,55258209.0,766476634.0,5.18265,5.87367,0.07209379457743521
Anchor Protocol,ANC,2.85,-0.005,-0.083,-0.335,77859396.0,754479150.0,-0.9547500000000001,-0.23655,0.10319621953767709
Decred,DCR,52.84,-0.012,-0.07,-0.059,10725860.0,732991389.0,-3.11756,-3.6988000000000008,0.014632995913680509
IoTeX,IOTX,0.077158067035,-0.015,0.0069999999999999,0.0579999999999999,53815127.0,732645462.0,0.004475167888029992,0.0005401064692449923,0.07345316362581933
Holo,HOT,0.004092449012,0.002,-0.013,-0.026,45825585.0,726741711.0,-0.00010640367431199999,-5.320183715599999e-05,0.06305621970829743
Bitkub Coin,KUB,7.93,-0.002,0.004,-0.045,2877708.0,703620569.0,-0.35685,0.03172,0.004089857697153251
yearn.finance,YFI,19370.21,-0.004,0.02,-0.049,79795044.0,691957768.0,-949.14029,387.4042,0.11531779494380935
Neutrino USD,USDN,1.0,-0.001,-0.003,0.008,6067663.0,685994297.0,0.008,-0.003,0.008845063328565834
Nexus Mutual,NXM,95.18,0.006,0.03,0.035,21594.97,655250086.0,3.3313000000000006,2.8554,3.295683657491348e-05
XDC Network,XDC,0.052299016906,0.012,0.034,-0.0559999999999999,9542402.0,644478092.0,-0.0029287449467359948,0.0017781665748040003,0.014806402449441213
Smooth Love Potion,SLP,0.017171858167,0.003,0.038,-0.064,237291070.0,642859351.0,-0.001098998922688,0.0006525306103459999,0.3691181743423065
WAX,WAXP,0.276858,0.001,0.01,-0.04,20480550.0,626238810.0,-0.01107432,0.00276858,0.03270405741860681
Qtum,QTUM,5.97,0.003,0.003,-0.013,61604038.0,621303049.0,-0.07761,0.01791,0.0991529626309624
Sushi,SUSHI,3.21,0.012,0.0279999999999999,0.009,138705772.0,618121984.0,0.02889,0.08987999999999968,0.22439870380018712
PAX Gold,PAXG,1946.03,-0.002,0.005,-0.024,22038867.0,617755161.0,-46.70472,9.73015,0.03567573108466511
1inch,1INCH,1.49,0.008,-0.003,0.087,64145152.0,617505356.0,0.12963,-0.00447,0.10387788765997359
renBTC,RENBTC,40854.63,0.002,0.009,-0.026,10275356.0,613544826.0,-1062.22038,367.69166999999993,0.016747522861516234
Livepeer,LPT,24.57,0.013,0.032,-0.023,11245178.0,612934461.0,-0.56511,0.78624,0.018346460699327525
Marinade staked SOL,MSOL,93.71,0.013,0.0579999999999999,0.027,14128670.0,607857600.0,2.5301699999999996,5.43517999999999,0.02324338792506666
Bancor Network Token,BNT,2.32,0.005,0.013,0.011,18087546.0,595471450.0,0.025519999999999998,0.030159999999999996,0.030375169120198792
Ankr,ANKR,0.072733294373,0.001,0.0069999999999999,-0.05,21277459.0,594634282.0,-0.00363666471865,0.0005091330606109927,0.035782429039299825
Pocket Network,POKT,0.697976,-0.003,-0.0,-0.079,1086957.0,587728129.0,-0.055140104,-0.0,0.0018494214354678267
Zilliqa,ZIL,0.041562864374,0.002,0.013,0.001,30167523.0,585253625.0,4.1562864374e-05,0.000540317236862,0.05154606774114385
OMG Network,OMG,4.13,0.003,0.005,0.037,75465179.0,579014475.0,0.15281,0.020649999999999998,0.13033383837252083
Gnosis,GNO,306.2,0.001,0.025,-0.025,1192417.0,571602114.0,-7.655,7.655,0.002086096203626007
Render Token,RNDR,2.46,0.001,0.011,-0.073,19940200.0,568806275.0,-0.17958,0.027059999999999997,0.03505622366771534
Fei USD,FEI,1.0,0.002,0.003,0.009,6008234.0,560856126.0,0.009,0.003,0.010712611882926996
ICON,ICX,0.745261,0.002,-0.011,-0.102,27185040.0,547848667.0,-0.07601662199999999,-0.008197870999999999,0.04962144044059525
SafeMoon,SFM,0.000962072159,0.012,-0.064,-0.152,310296.0,544136940.0,-0.000146234968168,-6.1572618176e-05,0.000570253510081488
Ravencoin,RVN,0.051574181471,0.003,-0.003,-0.067,14056137.0,539976450.0,-0.003455470158557,-0.000154722544413,0.026031018574976743
IOST,IOST,0.022801632948,0.0,0.01,-0.027,36690680.0,526323716.0,-0.000615644089596,0.00022801632948,0.06971124212080916
Bitcoin Gold,BTG,29.92,0.0,0.0069999999999999,-0.036,6176845.0,523876360.0,-1.07712,0.20943999999999705,0.011790654191763873
Kava,KAVA,3.21,0.001,0.013,-0.009,15300789.0,517309409.0,-0.02889,0.041729999999999996,0.02957763522913228
Rally,RLY,0.196257,0.015,0.09,-0.001,7033356.0,510399595.0,-0.000196257,0.01766313,0.013780097141338836
e-Radix,EXRD,0.128151,0.009,0.05,0.078,2236562.0,508057632.0,0.009995777999999999,0.00640755,0.00440218168005003
UMA,UMA,7.69,-0.003,-0.006,-0.046,62505441.0,503852158.0,-0.35374,-0.04614,0.12405512213763308
OEC Token,OKT,32.97,0.001,0.024,-0.083,3504725.0,502905278.0,-2.73651,0.79128,0.006968956488064538
Songbird,SGB,0.063697975897,0.003,0.0139999999999999,-0.1169999999999999,1141938.0,495479119.0,-0.007452663179948994,0.0008917716625579937,0.002304714681629197
WOO Network,WOO,0.512092,0.004,0.04,0.018,49800358.0,489182316.0,0.009217656,0.02048368,0.10180326714835701
Moonbeam,GLMR,2.41,-0.004,0.0139999999999999,-0.08,44775987.0,485893979.0,-0.19280000000000003,0.03373999999999976,0.0921517634199785
Velas,VLX,0.213294,0.002,0.001,-0.049,3415563.0,485455669.0,-0.010451406000000002,0.00021329400000000002,0.007035787648820309
Tether Gold,XAUT,1958.19,0.001,0.004,-0.023,2671319.0,483043378.0,-45.03837,7.83276,0.005530184496184109
Horizen,ZEN,39.44,0.001,0.021,-0.054,25684055.0,480024115.0,-2.1297599999999997,0.82824,0.0535057598095879
Sapphire,SAPP,0.569767,0.005,0.012,-0.045,241909.0,478721909.0,-0.025639515,0.006837204,0.0005053226005580622
Rocket Pool,RPL,29.01,0.003,-0.034,0.0289999999999999,1766976.0,469695713.0,0.8412899999999972,-0.9863400000000001,0.003761958968529057
Golem,GLM,0.466554,0.001,0.003,-0.088,12086033.0,466317264.0,-0.041056752,0.001399662,0.025918047503383876
Liquity USD,LUSD,1.01,0.001,0.002,0.001,3788413.0,465309713.0,0.00101,0.00202,0.008141701954972946
Audius,AUDIO,0.743362,0.001,0.01,-0.046,6575647.0,457745959.0,-0.034194652,0.00743362,0.014365275914975363
STEPN,GMT,0.761181,0.013,0.425,4.6080000000000005,1358531219.0,456251258.0,3.5075220480000002,0.32350192499999997,2.9775944617779007
Baby Doge Coin,BABYDOGE,2.83e-09,0.004,-0.012,-0.071,9830393.0,449901755.0,-2.0092999999999997e-10,-3.396e-11,0.021850088137575725
Siacoin,SC,0.008924907028,0.006,0.002,-0.0579999999999999,8429351.0,448569310.0,-0.000517644607623999,1.7849814056e-05,0.018791635566864796
Ontology,ONT,0.509902,0.004,0.021,-0.027,26504330.0,446660094.0,-0.013767353999999999,0.010707942,0.05933892540666505
0x,ZRX,0.51816,0.003,0.016,-0.01,24224308.0,439124277.0,-0.0051816,0.008290559999999999,0.05516503930389619
Metis Token,METIS,146.26,0.0069999999999999,-0.001,-0.075,36285014.0,438927006.0,-10.969499999999998,-0.14626,0.08266753584079992
APENFT,NFT,1.538902e-06,0.001,0.01,-0.052,52887977.0,426608620.0,-8.0022904e-08,1.538902e-08,0.12397306224145213
Synapse,SYN,2.42,0.004,0.111,-0.011,8785527.0,425904952.0,-0.026619999999999998,0.26861999999999997,0.020627905260890228
dYdX,DYDX,4.8,0.0,0.034,-0.053,84542474.0,410559152.0,-0.25439999999999996,0.1632,0.20592032497183257
SwissBorg,CHSB,0.426636,-0.004,-0.002,-0.077,717426.0,407989611.0,-0.032850972,-0.0008532720000000001,0.0017584418344417107
Everdome,DOME,0.047881406153,-0.025,0.131,0.038,59460882.0,407661797.0,0.001819493433814,0.0062724642060430005,0.1458583620971479
SKALE,SKL,0.123037,0.002,-0.026,-0.013,8458820.0,399524174.0,-0.0015994809999999998,-0.0031989619999999996,0.021172235750620688
Dogelon Mars,ELON,7.16912e-07,0.006,-0.01,-0.035,8089301.0,395179401.0,-2.509192e-08,-7.16912e-09,0.02046994600308127
Convex CRV,CVXCRV,2.1,0.022,0.083,0.022,284039.0,394323956.0,0.0462,0.1743,0.0007203189044897896
Olympus,OHM,27.85,0.002,-0.005,-0.147,8810942.0,391190971.0,-4.09395,-0.13925,0.022523377718756194
Constellation,DAG,0.149017,-0.001,-0.02,0.125,925421.0,376819046.0,0.018627125,-0.00298034,0.002455876394315801
Immutable X,IMX,1.59,0.001,0.01,0.001,74989985.0,374143811.0,0.00159,0.0159,0.20043091131073126
Gemini Dollar,GUSD,0.999103,-0.001,-0.002,-0.001,2599754.0,370970338.0,-0.0009991029999999999,-0.0019982059999999998,0.007007983479261353
JUST,JST,0.049988160157,0.005,0.022,-0.044,46444031.0,365218776.0,-0.002199479046908,0.001099739523454,0.12716769797180416
NuCypher,NU,0.423049,0.004,0.008,-0.107,4447816.0,358798163.0,-0.045266243,0.003384392,0.012396429131104553
Polymath,POLY,0.396075,0.002,0.0289999999999999,-0.047,16295087.0,356459406.0,-0.018615525,0.011486174999999961,0.045713724271874034
Ethereum Name Service,ENS,15.1,-0.003,0.075,0.0289999999999999,130802509.0,350492086.0,0.4378999999999985,1.1324999999999998,0.3731967545766497
Illuvium,ILV,543.69,0.0069999999999999,0.045,0.025,10973374.0,349615509.0,13.592250000000002,24.466050000000003,0.03138697717211395
REN,REN,0.34295,0.002,0.011,-0.153,45489119.0,343396923.0,-0.05247134999999999,0.0037724499999999997,0.13246804485781605
Decentralized Social,DESO,32.58,-0.019,-0.038,0.053,665903.0,343383679.0,1.72674,-1.2380399999999998,0.0019392389351154922
Keep Network,KEEP,0.623793,0.001,0.023,-0.066,1863025.0,342624992.0,-0.04117033800000001,0.014347239000000001,0.005437504687340496
Hive,HIVE,0.921978,0.003,0.063,0.008,27492473.0,342506941.0,0.007375824,0.058084614,0.08026836746645669
Flux,FLUX,1.43,0.002,0.003,0.044,11148974.0,328526106.0,0.06291999999999999,0.0042899999999999995,0.03393634111987435
Nervos Network,CKB,0.010823610593,0.002,0.026,-0.025,5885924.0,326436851.0,-0.000270590264825,0.000281413875418,0.0180308196883078
Nano,XNO,2.43,0.025,0.1009999999999999,0.3929999999999999,272633201.0,325248112.0,0.9549899999999998,0.24542999999999976,0.8382314637386734
HUSD,HUSD,0.999448,-0.001,0.0,-0.0,21491124.0,321832852.0,-0.0,0.0,0.06677728475028398
Lido DAO,LDO,2.9,0.016,-0.024,0.2289999999999999,6548070.0,320418126.0,0.6640999999999997,-0.0696,0.02043601615721328
DeFi Kingdoms,JEWEL,4.33,0.0069999999999999,0.053,-0.093,13531791.0,319385783.0,-0.40269,0.22949,0.04236816953120296
Ultra,UOS,1.17,0.005,0.024,-0.038,4195149.0,317369548.0,-0.04446,0.028079999999999997,0.013218498833416746
Spell Token,SPELL,0.003476639888,0.0069999999999999,-0.02,-0.109,47028727.0,316934220.0,-0.000378953747792,-6.953279776e-05,0.14838639702585601
Telcoin,TEL,0.005151230174,0.011,0.051,-0.0139999999999999,2189831.0,316916231.0,-7.211722243599948e-05,0.000262712738874,0.006909810182615734
Syscoin,SYS,0.497339,0.019,0.062,-0.043,11664234.0,316225956.0,-0.021385576999999996,0.030835018,0.03688575772698431
FLEX Coin,FLEX,3.95,-0.0,-0.001,0.006,1321112348.0,311501806.0,0.023700000000000002,-0.00395,4.241106544338944
ConstitutionDAO,PEOPLE,0.060997698339,0.004,0.004,-0.055,148965778.0,309380835.0,-0.0033548734086449998,0.000243990793356,0.48149646373538296
Kyber Network Crystal,KNC,3.01,0.01,-0.018,-0.043,19917604.0,308453415.0,-0.12943,-0.05417999999999999,0.06457248657791648
LooksRare,LOOKS,1.25,0.018,-0.0279999999999999,0.099,52982527.0,306746978.0,0.12375,-0.03499999999999988,0.1727238760278838
Tomb,TOMB,1.19,-0.004,0.015,-0.1009999999999999,10836099.0,305642692.0,-0.12018999999999987,0.017849999999999998,0.03545348632121065
Lisk,LSK,2.1,-0.004,0.03,-0.005,8942754.0,304232009.0,-0.0105,0.063,0.02939452041681781
DigitalBits,XDB,0.395059,-0.004,0.015,0.207,1567720.0,302184765.0,0.081777213,0.005925885,0.00518795181484414
DigiByte,DGB,0.01993648681,0.004,0.0139999999999999,-0.035,12119980.0,302087064.0,-0.00069777703835,0.000279110815339998,0.040120817619651535
Persistence,XPRT,3.61,-0.001,0.091,0.07,5704698.0,298811585.0,0.25270000000000004,0.32850999999999997,0.019091287909737503
PlayDapp,PLA,0.812543,0.002,0.016,-0.0279999999999999,21899896.0,295009942.0,-0.02275120399999992,0.013000688,0.07423443376698131
Tenset,10SET,3.29,0.001,0.003,0.345,2346397.0,290187601.0,1.13505,0.00987,0.008085793438155891
Stargaze,STARS,0.387759,0.001,-0.035,-0.209,1422449.0,288957891.0,-0.081041631,-0.013571565000000002,0.004922686122456507
Ronin,RON,1.93,0.0,0.036,-0.039,2336649.0,285584777.0,-0.07527,0.06947999999999999,0.008181980232090592
Trust Wallet Token,TWT,0.81527,-0.006,0.13,0.109,26534917.0,284403138.0,0.08886443000000001,0.10598510000000001,0.09330036646782709
Casper Network,CSPR,0.067306582006,0.0139999999999999,0.062,0.037,10361454.0,280491915.0,0.002490343534222,0.004173008084372,0.03694029469619472
Tokemak,TOKE,24.1,0.006,-0.042,-0.118,6082833.0,280398265.0,-2.8438,-1.0122000000000002,0.021693547212212602
SafeMoon [OLD],SAFEMOON,5.15423e-07,0.002,0.02,-0.009,879.16,277800683.0,-4.638806999999999e-09,1.030846e-08,3.1647150413953444e-06
Radio Caca,RACA,0.001337390452,-0.0,0.004,0.084,17146649.0,277127753.0,0.00011234079796800001,5.349561808000001e-06,0.061872724093425605
Pirate Chain,ARRR,1.44,-0.003,0.003,0.221,1185789.0,275717440.0,0.31823999999999997,0.00432,0.004300739916923645
SXP,SXP,1.41,0.005,0.05,0.045,68376375.0,273381975.0,0.06344999999999999,0.0705,0.25011296008085393
MAI,MIMATIC,1.0,0.002,0.003,0.008,5757297.0,269690665.0,0.008,0.003,0.02134778005757077
Floki Inu,FLOKI,2.8878952e-05,0.0,0.019,-0.095,7318364.0,264302676.0,-2.74350044e-06,5.48700088e-07,0.027689329940798632
Injective,INJ,5.4,0.008,0.0139999999999999,0.011,25990848.0,262798491.0,0.0594,0.07559999999999946,0.09890029391378811
Mobox,MBOX,2.11,-0.004,0.033,0.0559999999999999,42594303.0,261388946.0,0.11815999999999978,0.06963,0.16295372720160858
MXC,MXC,0.105998,-0.005,0.017,0.1689999999999999,22877952.0,258748257.0,0.01791366199999999,0.0018019660000000001,0.08841780139991436
Everscale,EVER,0.19269,0.0,-0.0139999999999999,-0.011,14939.44,258439550.0,-0.0021195899999999998,-0.0026976599999999806,5.7806322600391464e-05
Perpetual Protocol,PERP,3.95,0.004,0.023,-0.017,9229627.0,257335955.0,-0.06715,0.09085,0.03586606076869437
Zenon,ZNN,5.21,0.0069999999999999,-0.026,-0.114,38130.88,257245207.0,-0.59394,-0.13546,0.00014822775687323107
WINkLink,WIN,0.000265884701,-0.0,-0.001,-0.043,78640150.0,256027145.0,-1.1433042142999999e-05,-2.65884701e-07,0.3071555166542985
Coin98,C98,1.37,0.003,0.023,0.036,32845038.0,254083272.0,0.04932,0.03151,0.12926879342139455
WazirX,WRX,0.55677,-0.001,-0.002,-0.123,6363664.0,254078525.0,-0.06848271,-0.00111354,0.025046052199807125
Serum,SRM,1.9,0.005,0.018,-0.016,28934537.0,253353070.0,-0.0304,0.034199999999999994,0.1142063800529435
Lido Staked SOL,STSOL,93.27,0.0139999999999999,0.064,0.0279999999999999,4306699.0,252733440.0,2.6115599999999906,5.9692799999999995,0.017040479487004174
Zipmex Token,ZMT,2.84,-0.002,0.018,0.003,14507743.0,252612673.0,0.00852,0.05111999999999999,0.05743078060062331
Mirror Protocol,MIR,1.71,0.005,0.004,-0.1689999999999999,49984848.0,248849118.0,-0.2889899999999998,0.00684,0.20086407539527626
Creditcoin,CTC,1.17,-0.001,0.032,0.02,3120629.0,242723178.0,0.0234,0.03744,0.01285674085892201
Tribe,TRIBE,0.531679,-0.005,-0.021,-0.0409999999999999,8080240.0,242034097.0,-0.021798838999999945,-0.011165259,0.033384717691243314
VVS Finance,VVS,2.2036915e-05,-0.0,-0.013,-0.129,2778953.0,236041817.0,-2.842762035e-06,-2.86479895e-07,0.011773138485881084
Metahero,HERO,0.044697410123,-0.005,-0.01,-0.13,7788330.0,234727576.0,-0.00581066331599,-0.00044697410123,0.03318029407844266
Yield Guild Games,YGG,2.65,0.022,0.096,-0.013,32498566.0,232020727.0,-0.034449999999999995,0.2544,0.14006751215808405
Function X,FX,0.490287,-0.008,0.003,-0.025,2789713.0,230355668.0,-0.012257175,0.001470861,0.012110459552486462
API3,API3,4.64,0.003,-0.012,-0.146,30688251.0,230330587.0,-0.6774399999999999,-0.05568,0.13323567399235603
Dent,DENT,0.002405588079,-0.002,0.023,-0.042,15366549.0,230289059.0,-0.000101034699318,5.5328525817e-05,0.06672722128757319
Raydium,RAY,2.52,0.006,0.004,-0.01,20578926.0,229551472.0,-0.0252,0.01008,0.08964841663049758
Fetch.ai,FET,0.333007,0.01,0.016,-0.06,18218920.0,229348461.0,-0.01998042,0.005328112,0.07943772511296686
Escoin Token,ELG,3.31,0.005,-0.015,0.017,724098.0,228752259.0,0.05627000000000001,-0.04965,0.003165424477840894
Euro Tether,EURT,1.11,-0.0,0.006,0.003,14717552.0,228389194.0,0.0033300000000000005,0.006660000000000001,0.0644406670133439
CoinEx Token,CET,0.06114066275,-0.001,-0.0,0.049,525677.0,227207627.0,0.00299589247475,-0.0,0.0023136415222540043
Astroport,ASTRO,1.81,-0.002,-0.104,0.095,8759702.0,227045274.0,0.17195000000000002,-0.18824,0.03858130074973505
Chromia,CHR,0.399507,0.001,0.053,0.02,58264434.0,226830657.0,0.00799014,0.021173871,0.2568631364498495
Chia,XCH,65.99,-0.003,0.015,-0.077,9082334.0,225459171.0,-5.08123,0.9898499999999999,0.04028371948551163
xSUSHI,XSUSHI,4.02,0.012,0.0579999999999999,0.022,255785.0,225344906.0,0.08843999999999999,0.23315999999999956,0.0011350822370042835
Cratos,CRTS,0.003236528133,0.003,0.099,-0.027,16517737.0,223198961.0,-8.7386259591e-05,0.000320416285167,0.07400454252114552
Status,SNT,0.057335510854,-0.002,0.01,-0.086,8733449.0,222865089.0,-0.004930853933444,0.00057335510854,0.03918715595693859
Telos,TLOS,0.858613,0.001,0.046,-0.059,3788138.0,222068806.0,-0.050658167,0.039496197999999996,0.01705839765716577
Power Ledger,POWR,0.511559,0.002,0.013,-0.04,31170583.0,219951909.0,-0.02046236,0.006650267,0.14171544653426946
Astar,ASTR,0.107755,-0.001,0.044,0.027,8916820.0,218062741.0,0.002909385,0.00474122,0.04089107547263198
Medibloc,MED,0.040421543227,0.001,0.0069999999999999,-0.013,4569259.0,217275804.0,-0.0005254800619509999,0.000282950802588996,0.021029764547551736
Celer Network,CELR,0.03831685277,0.009,0.036,-0.038,29766536.0,216429137.0,-0.0014560404052599998,0.00137940669972,0.13753479042888758
COTI,COTI,0.204755,0.001,0.016,-0.032,12162479.0,215079506.0,-0.00655216,0.00327608,0.05654875829964014
Vulcan Forged,PYR,8.9,0.001,0.023,-0.096,20305571.0,212825987.0,-0.8544,0.2047,0.09540926503491325
Dopex,DPX,1173.9,0.0069999999999999,0.042,0.0069999999999999,3078417.0,211922629.0,8.217299999999884,49.30380000000001,0.01452613632874477
Energy Web Token,EWT,5.03,-0.0,0.025,-0.02,1278646.0,211101992.0,-0.10060000000000001,0.12575,0.006057005847675753
PLEX,PLEX,0.857492,0.024,0.05,0.142,14908002.0,210041737.0,0.121763864,0.042874600000000006,0.07097637932788568
Orbs,ORBS,0.072277990941,-0.001,0.001,-0.008,5313234.0,209383845.0,-0.000578223927528,7.2277990941e-05,0.02537556801481031
Alchemix USD,ALUSD,0.998794,-0.0,0.0,0.001,142769.0,208931720.0,0.000998794,0.0,0.0006833285055998199
XYO Network,XYO,0.016424293565,-0.0,0.005,-0.055,4920583.0,204717393.0,-0.0009033361460750001,8.212146782500001e-05,0.024035979199871892
Boba Network,BOBA,1.28,0.005,0.0579999999999999,0.162,7605916.0,204133364.0,0.20736000000000002,0.07423999999999988,0.037259543716724325
Ocean Protocol,OCEAN,0.465948,0.001,-0.0069999999999999,0.0069999999999999,13125747.0,202260490.0,0.003261635999999953,-0.003261635999999953,0.06489525957343424
Unibright,UBT,1.34,-0.0,0.135,0.74,1513662.0,201738743.0,0.9916,0.18090000000000003,0.007503080357747644
Mdex,MDX,0.231902,0.001,0.037,0.043,10470382.0,200934743.0,0.009971786,0.008580374,0.0521083703279726
LUKSO Token,LYXE,13.11,-0.002,0.0069999999999999,-0.051,2438281.0,199459617.0,-0.6686099999999999,0.09176999999999869,0.01222443438262493
Mask Network,MASK,4.21,0.002,0.043,-0.01,72687776.0,198784023.0,-0.0421,0.18103,0.36566206329368833
DAO Maker,DAO,2.19,0.005,0.005,-0.051,2620710.0,198134048.0,-0.11168999999999998,0.01095,0.01322695430923614
Origin Protocol,OGN,0.41561,-0.013,-0.043,0.488,103519781.0,197701631.0,0.20281767999999997,-0.01787123,0.5236162214564634
UFO Gaming,UFO,7.566144e-06,0.0069999999999999,0.005,-0.0559999999999999,5528279.0,194844243.0,-4.237040639999992e-07,3.783072e-08,0.028372811610348683
Ardor,ARDR,0.194427,-0.004,0.008,-0.043,5019344.0,194331101.0,-0.008360360999999998,0.001555416,0.02582882500109954
Pundi X,PUNDIX,0.745885,0.0,0.008,-0.049,4093358.0,192900544.0,-0.036548365,0.0059670800000000005,0.021220043837719815
Civic,CVC,0.28617,-0.001,0.067,0.044,61814649.0,192055742.0,0.012591479999999999,0.01917339,0.321857854164027
GMX,GMX,25.47,0.003,0.119,0.0139999999999999,3169278.0,190389663.0,0.35657999999999745,3.0309299999999997,0.016646271389219276
Interest Bearing Bitcoin,IBBTC,40853.81,0.001,0.011,-0.0139999999999999,7890414.5,189800862.0,-571.9533399999958,449.39190999999994,0.04157206883496662
Kyber Network Crystal Legacy,KNCL,3.03,0.015,-0.011,-0.032,82195466.0,187322633.0,-0.09695999999999999,-0.03333,0.43879089613266326
MX Token,MX,1.87,-0.001,0.006,-0.005,374184.0,186909022.0,-0.00935,0.01122,0.0020019579365195116
Coinmetro,XCM,0.613238,0.003,0.006,-0.024,36444.53,185482862.0,-0.014717711999999999,0.0036794279999999998,0.00019648462185147865
Conflux,CFX,0.118894,-0.001,0.022,-0.055,5488882.0,185392410.0,-0.00653917,0.002615668,0.029606832340115758
Yoshi.exchange,YOSHI,1.4,0.001,0.05,0.28,1673418.0,183581718.0,0.392,0.06999999999999999,0.009115384790112924
Wonderland,TIME,200.89,0.002,0.021,-0.054,1142909.0,181461291.0,-10.848059999999998,4.21869,0.006298362552705525
MiL.k Alliance,MLK,0.814028,-0.001,-0.0,-0.004,9464173.0,181018689.0,-0.003256112,-0.0,0.052282850197859956
XSGD,XSGD,0.737151,0.0,0.003,0.002,2206838.0,180464893.0,0.001474302,0.002211453,0.012228627758641123
Divi,DIVI,0.064853595251,0.018,0.036,-0.008,202892.0,180441034.0,-0.000518828762008,0.0023347294290359997,0.001124422729699055
JOE,JOE,0.982235,-0.011,0.1119999999999999,-0.033,47914853.0,180295364.0,-0.032413755,0.1100103199999999,0.2657575432721609
Radicle,RAD,4.33,-0.0,-0.022,-0.065,7819981.0,178613189.0,-0.28145000000000003,-0.09526,0.04378165489223755
SuperFarm,SUPER,0.612438,-0.002,0.012,-0.062,13815815.0,176123468.0,-0.037971156,0.007349256,0.07844391867187171
Pundi X [OLD],NPXS,0.000739037314,0.005,0.23,-0.0559999999999999,3233.81,175021533.0,-4.138608958399993e-05,0.00016997858222,1.8476640814247695e-05
Aragon,ANT,4.6,0.005,-0.0069999999999999,-0.032,20342438.0,174947342.0,-0.1472,-0.03219999999999954,0.11627749108643216
Reserve Rights Token,RSR,0.013289915359,-0.003,-0.037,0.016,62606911.0,174938398.0,0.00021263864574399999,-0.0004917268682829999,0.35787975490663865
Moonriver,MOVR,51.56,0.001,0.0579999999999999,-0.063,19258945.0,174781398.0,-3.2482800000000003,2.990479999999995,0.11018875704381309
BTSE Token,BTSE,8.47,0.017,0.0069999999999999,0.088,182389.0,171754643.0,0.74536,0.05928999999999916,0.001061915979761898
Ergo,ERG,3.26,-0.006,0.002,0.004,1480738.0,170208459.0,0.01304,0.00652,0.008699555878124718
Rari Governance Token,RGT,15.15,-0.0,0.016,-0.064,109283.0,170001175.0,-0.9696,0.2424,0.0006428367333343432
Request,REQ,0.219206,-0.002,0.006,0.093,11689099.0,169969973.0,0.020386158,0.001315236,0.06877155296129864
Cartesi,CTSI,0.321965,0.003,0.033,0.0,17202782.0,167831024.0,0.0,0.010624845,0.10250060799247701
Aurora,AURORA,7.35,-0.001,0.072,-0.069,1298850.0,167615843.0,-0.50715,0.5291999999999999,0.007748969171130202
Veritaseum,VERI,77.68,-0.064,0.032,0.3279999999999999,61535.04,167034953.0,25.479039999999994,2.4857600000000004,0.00036839618831155656
Power Cash,PRCH,0.000580255891,0.004,0.057,-0.034,121835.0,165663549.0,-1.9728700294000003e-05,3.3074585787000005e-05,0.0007354363753247856
MMFinance,MMF,1.2,-0.002,0.091,0.381,46298812.0,165134827.0,0.4572,0.10919999999999999,0.28036976112858375
sBTC,SBTC,40716.13,0.0,0.005,-0.0279999999999999,2583416.0,165066520.0,-1140.0516399999958,203.58065,0.015650757040252622
Numeraire,NMR,27.87,0.0,-0.009,-0.036,3832085.0,164787989.0,-1.00332,-0.25083,0.0232546378122255
Alchemy Pay,ACH,0.040004817834,0.005,-0.013,-0.045,6824925.0,164599197.0,-0.0018002168025299998,-0.000520062631842,0.041463902159862905
FEG Token BSC,FEG,3.893e-09,0.025,-0.023,-0.013,270143.0,163269693.0,-5.060899999999999e-11,-8.953899999999999e-11,0.0016545814170177927
inSure DeFi,SURE,0.006161036427,0.006,0.03,0.132,1159883.0,162967567.0,0.0008132568083640001,0.00018483109281,0.00711726278640461
Multichain,MULTI,8.85,-0.001,-0.033,-0.243,841002.0,162445121.0,-2.15055,-0.29205,0.005177145332668994
Bifrost,BFC,0.149851,-0.0,0.005,-0.026,1897563.0,159291451.0,-0.003896126,0.0007492550000000001,0.011912522537069488
Ion,ION,7395.39,-0.037,0.048,-0.139,417792.0,157510201.0,-1027.9592100000002,354.97872,0.002652475822819882
World Mobile Token,WMT,0.668572,0.001,0.022,-0.0559999999999999,1060965.0,156579542.0,-0.037440031999999936,0.014708584,0.006775885191949277
Poollotto.finance,PLT,17.97,0.015,0.021,0.036,701074.0,156426727.0,0.6469199999999999,0.37737,0.004481804442536217
Mango,MNGO,0.150121,0.001,0.015,-0.017,491181.0,156098438.0,-0.0025520570000000004,0.002251815,0.0031466106022149947
AscendEx Token,ASD,0.209002,-0.002,-0.001,-0.047,1996023.0,155507488.0,-0.009823094,-0.000209002,0.01283554268460693
Reef Finance,REEF,0.008484927042,0.002,0.005,-0.022,15128863.0,154953141.0,-0.000186668394924,4.242463521e-05,0.09763508440270985
Storj,STORJ,1.06,0.003,0.0279999999999999,0.076,22799371.0,153045067.0,0.08056,0.029679999999999894,0.14897161631482053
FEG Token,FEG,3.712e-09,-0.012,0.005,0.001,596220.0,152507971.0,3.712e-12,1.8560000000000002e-11,0.003909435002580947
Tokamak Network,TON,3.63,0.001,0.018,-0.049,3175683.0,152418252.0,-0.17787,0.06534,0.02083531964400169
BNB48 Club Token,KOGE,75.36,0.001,0.011,-0.0139999999999999,7890414.5,151006279.0,-1.0550399999999924,0.8289599999999999,0.05225222786927953
Akash Network,AKT,1.14,0.013,0.039,0.005,1488453.0,150977820.0,0.005699999999999999,0.04446,0.009858752762491868
Origin Dollar,OUSD,0.996761,-0.001,0.003,-0.005,384674.0,150877504.0,-0.004983805,0.0029902830000000003,0.002549578232683383
Verge,XVG,0.009119355152,0.0,-0.001,-0.1369999999999999,3989138.0,150565690.0,-0.0012493516558239992,-9.119355152000001e-06,0.02649433612664346
VeThor Token,VTHO,0.003276533427,-0.002,0.01,0.021,5281032.0,149610423.0,6.8807201967e-05,3.276533427e-05,0.0352985567055044
Merit Circle,MC,2.12,-0.001,0.015,0.035,9053682.0,149412537.0,0.07420000000000002,0.0318,0.0605951962384522
USDX,USDX,0.972184,0.0069999999999999,0.006,0.003,633490.0,148673012.0,0.002916552,0.005833104,0.004260961633036667
Band Protocol,BAND,3.57,0.001,-0.012,-0.043,14710862.0,148621625.0,-0.15350999999999998,-0.042839999999999996,0.0989819752004461
aelf,ELF,0.320715,-0.001,0.0069999999999999,-0.038,6682894.0,148069098.0,-0.012187169999999999,0.002245004999999968,0.04513361727914355
Biconomy,BICO,1.29,-0.006,-0.018,-0.0,30433864.0,147807938.0,-0.0,-0.023219999999999998,0.2059014178250697
OriginTrail,TRAC,0.403433,-0.01,0.006,-0.093,1641938.0,147741339.0,-0.037519269,0.002420598,0.011113599017807738
Beldex,BDX,0.09810351345,0.005,-0.0289999999999999,0.3779999999999999,270960.0,147183281.0,0.03708312808409999,-0.00284500189004999,0.001840969967234254
Orchid Protocol,OXT,0.245431,0.0,0.035,0.06,16831078.0,145268599.0,0.01472586,0.008590085,0.11586177684552461
StarLink,STARL,1.4478205e-05,0.002,0.003,-0.023,6019692.0,144516643.0,-3.32998715e-07,4.3434615e-08,0.04165397060876926
GPEX,GPX,3.77,-0.002,-0.017,-0.061,166864.0,144310185.0,-0.22997,-0.06409000000000001,0.0011562870631757558
Kishu Inu,KISHU,1.484e-09,-0.0,-0.039,0.073,5930373.0,143713655.0,1.08332e-10,-5.7876e-11,0.04126520197402258
Beta Finance,BETA,0.390171,0.001,0.0069999999999999,-0.087,16200954.0,140529092.0,-0.033944877,0.0027311969999999613,0.1152854100843404
Ark,ARK,0.855048,0.008,0.024,-0.053,2191914.0,139681382.0,-0.045317544,0.020521152,0.01569224164749458
TrueFi,TRU,0.214734,0.095,0.1939999999999999,0.242,14102206.0,137832596.0,0.051965628,0.04165839599999998,0.10231401286238562
STASIS EURO,EURS,1.11,-0.001,0.005,0.001,5583658.0,137830475.0,0.00111,0.00555,0.04051105533808833
Acala,ACA,1.08,0.002,-0.0139999999999999,-0.054,8839438.0,137419617.0,-0.058320000000000004,-0.015119999999999892,0.06432442611159365
Keep3rV1,KP3R,361.53,0.003,0.003,-0.032,19120535.0,135737507.0,-11.568959999999999,1.08459,0.14086405019947804
Magic,MAGIC,2.66,-0.002,-0.045,-0.054,4586490.0,135701244.0,-0.14364000000000002,-0.1197,0.03379843739678613
Hxro,HXRO,0.304276,0.0,-0.003,-0.066,71104.14,133744124.0,-0.020082216,-0.000912828,0.0005316430948398152
Sperax,SPA,0.170244,-0.004,0.026,-0.026,911737.0,133654459.0,-0.004426344,0.004426344,0.006821598073282389
MaidSafeCoin,MAID,0.295224,0.001,0.001,-0.067,7810.13,133599281.0,-0.019780008,0.000295224,5.8459371499162484e-05
flexUSD,FLEXUSD,1.0,-0.0,-0.005,0.002,312664.0,132659636.0,0.002,-0.005,0.0023568887223541003
Prometeus,PROM,8.05,-0.001,0.011,-0.031,889637.0,132399958.0,-0.24955000000000002,0.08855,0.006719314820326454
Iron Bank EURO,IBEUR,1.1,0.0,0.016,0.005,57945.42,132176489.0,0.0055000000000000005,0.0176,0.00043839430475415333
Qredo,QRDO,2.61,-0.0,0.0279999999999999,0.024,16725771.0,131117652.0,0.06264,0.07307999999999973,0.12756307594647898
Bezoge Earth,BEZOGE,2.984e-09,-0.004,-0.022,-0.177,176270.0,130736810.0,-5.281679999999999e-10,-6.5648e-11,0.0013482813294893763
Victoria VR,VR,0.154224,0.01,0.067,0.131,10041552.0,130077410.0,0.020203344,0.010333008000000001,0.07719674000274145
Polkastarter,POLS,1.47,0.018,-0.042,0.198,34461134.0,129790575.0,0.29106,-0.06174,0.2655133779937411
DUSK Network,DUSK,0.32285,-0.024,-0.0069999999999999,-0.108,10733697.0,129772453.0,-0.034867800000000004,-0.002259949999999968,0.0827116753352886
iExec RLC,RLC,1.81,0.004,-0.001,0.01,4304190.0,129744853.0,0.0181,-0.0018100000000000002,0.03317426395326834
RMRK,RMRK,13.61,-0.006,-0.003,-0.07,3122953.0,129381545.0,-0.9527000000000001,-0.04083,0.02413754604646281
THORChain (ERC20),RUNE,7.98,0.003,0.122,0.584,2414143.0,129360305.0,4.66032,0.97356,0.018662162245211156
Metadium,META,0.076139640664,-0.002,-0.012,0.004,9899795.0,128563501.0,0.000304558562656,-0.000913675687968,0.07700315348444034
StormX,STMX,0.013797399421,0.002,-0.0139999999999999,-0.1,1844462.0,128358108.0,-0.0013797399421,-0.00019316359189399862,0.014369657115855899
Stratis,STRAX,0.94622,-0.003,0.013,-0.04,14410182.0,128080393.0,-0.0378488,0.012300859999999999,0.11250888338545308
STP Network,STPT,0.087992796441,0.0,0.016,-0.046,7298290.0,127931734.0,-0.0040476686362859995,0.001407884743056,0.05704831609645813
Steem,STEEM,0.322052,0.004,0.02,-0.011,4267199.0,127246640.0,-0.003542572,0.00644104,0.033534865832213726
DEAPCOIN,DEP,0.027101682754,-0.008,-0.018,-0.159,5123322.0,126235341.0,-0.0043091675578860004,-0.000487830289572,0.04058548073316489
Meerkat Shares,MSHARE,14141.32,0.001,0.091,1.065,8589756.0,126105039.0,15060.505799999999,1286.86012,0.06811588234788936
RSK Infrastructure Framework,RIF,0.151385,-0.002,0.01,-0.07,206651.0,125639850.0,-0.01059695,0.00151385,0.0016447886558285448
Dawn Protocol,DAWN,1.72,0.001,0.0139999999999999,0.006,4063485.0,125035795.0,0.01032,0.024079999999999827,0.03249857370843285
Alpha Finance,ALPHA,0.280024,0.003,0.004,-0.003,5728562.0,125007857.0,-0.000840072,0.001120096,0.04582561558510678
NKN,NKN,0.191882,0.005,-0.003,-0.0139999999999999,5872145.0,124824929.0,-0.0026863479999999808,-0.000575646,0.047043046986231414
Decentral Games,DG,0.322954,-0.01,0.059,0.008,1307545.0,124818085.0,0.002583632,0.019054286,0.01047560535798959
Balancer,BAL,11.52,0.0,0.006,-0.038,8895097.0,124477702.0,-0.43776,0.06912,0.07145936064918679
Strike,STRK,39.63,0.002,0.044,-0.01,70589902.0,124043364.0,-0.39630000000000004,1.74372,0.5690743924036114
Alien Worlds,TLM,0.099181828389,0.008,0.0279999999999999,-0.019,53533075.0,123122031.0,-0.0018844547393909998,0.00277709119489199,0.4347968805030515
Dero,DERO,10.93,0.001,0.0069999999999999,-0.158,568520.0,122930832.0,-1.72694,0.07650999999999891,0.00462471448985231
Sun Token,SUN,0.011601809279,0.0,0.0,-0.026,20031921.0,122048839.0,-0.000301647041254,0.0,0.16413036915492493
Tomb Shares,TSHARE,3117.12,-0.015,0.07,-0.346,15057752.0,122042187.0,-1078.52352,218.19840000000002,0.12338153199434225
GXChain,GXC,1.62,-0.006,-0.01,-0.046,11044304.0,122034911.0,-0.07452,-0.016200000000000003,0.09050118453398963
Ankr Reward-Bearing Staked ETH,AETHC,2254.71,0.005,0.027,-0.035,103476.0,120703323.0,-78.91485000000002,60.87717,0.0008572754869391624
Spookyswap,BOO,13.41,-0.005,0.027,-0.073,3033122.0,120688730.0,-0.97893,0.36207,0.025131774938720458
Maple,MPL,26.62,-0.016,0.048,0.216,6013862.0,120557876.0,5.74992,1.27776,0.04988360942921722
Kirobo,KIRO,0.125334,0.009,-0.008,-0.102,60450.88,119964465.0,-0.012784067999999999,-0.001002672,0.0005039065526612402
BENQI Liquid Staked AVAX,SAVAX,79.79,-0.0,0.095,0.0289999999999999,1138158.0,119637582.0,2.3139099999999924,7.580050000000001,0.009513381840164573
sETH2,SETH2,2818.01,0.005,0.0279999999999999,0.035,958190.0,119015862.0,98.63035000000002,78.90427999999973,0.008050943663290865
Aavegotchi,GHST,1.94,-0.001,0.0,-0.008,28955029.0,117650490.0,-0.015519999999999999,0.0,0.2461105686852643
FUNToken,FUN,0.011072744983,-0.0069999999999999,0.012,-0.012,840985.0,117522843.0,-0.000132872939796,0.000132872939796,0.007155927975636192
agEUR,AGEUR,1.11,0.003,0.011,0.005,2130541.0,115865259.0,0.00555,0.01221,0.018388091636682917
Alchemix,ALCX,96.93,-0.001,0.023,-0.144,6978992.0,114928689.0,-13.95792,2.22939,0.0607245419809844
Hoo Token,HOO,1.39,-0.004,0.035,0.059,8832185.0,114432549.0,0.08200999999999999,0.04865,0.0771824544430973
Beefy.Finance,BIFI,1462.88,-0.004,0.005,-0.093,1404924.0,114334270.0,-136.04784,7.314400000000001,0.012287864347233774
Alpine F1 Team Fan Token,ALPINE,10.0,0.002,0.142,0.953,226663985.0,114038968.0,9.53,1.42,1.9876011592809222
DODO,DODO,0.395012,-0.003,0.009,-0.033,24729655.0,113721778.0,-0.013035396,0.0035551079999999995,0.21745751284331838
Hathor,HTR,0.491681,0.001,0.0279999999999999,-0.049,5298234.0,112171936.0,-0.024092369,0.01376706799999995,0.047233151079785235
TitanSwap,TITAN,1.12,-0.018,-0.008,-0.038,24457.53,111774842.0,-0.04256,-0.008960000000000001,0.00021881068729222628
PlatON Network,LAT,0.046419884436,0.005,0.022,-0.047,2598864.0,111691885.0,-0.0021817345684920003,0.001021237457592,0.023268154172525604
Phantasma,SOUL,1.07,0.005,-0.009,-0.105,2935493.0,111502505.0,-0.11235,-0.00963,0.026326700014497433
Tornado Cash,TORN,47.28,-0.002,-0.01,-0.044,7275467.0,111302578.0,-2.08032,-0.4728,0.06536656320754763
Klever,KLV,0.020930640049,-0.002,-0.01,0.015,3409196.0,110824223.0,0.000313959600735,-0.00020930640049,0.030762191763798786
JasmyCoin,JASMY,0.023128577628,-0.016,0.098,0.685,657631520.0,110553343.0,0.01584307567518,0.002266600607544,5.9485448576620605
BTC Standard Hashrate Token,BTCST,15.08,0.0069999999999999,-0.015,-0.092,3149394.0,109935865.0,-1.38736,-0.22619999999999998,0.028647557373565034
KardiaChain,KAI,0.032601817619,-0.002,-0.015,-0.061,2890097.0,109334845.0,-0.001988710874759,-0.000489027264285,0.02643344854972813
My Neighbor Alice,ALICE,6.27,0.001,0.033,-0.016,99965004.0,109282154.0,-0.10031999999999999,0.20690999999999998,0.9147422551718737
Proton,XPR,0.011066116011,-0.002,0.008,-0.102,8687937.0,109182891.0,-0.001128743833122,8.852892808800001e-05,0.07957232969769962
Utrust,UTK,0.237003,-0.001,0.015,-0.051,8201156.0,109107417.0,-0.012087152999999998,0.0035550449999999997,0.07516588904308862
Kava Swap,SWP,1.82,-0.012,0.008,0.0,1981564.0,109049036.0,0.0,0.01456,0.01817131148229499
Regen,REGEN,0.873466,-0.002,0.013,-0.04,185688.0,107921529.0,-0.03493864,0.011355058,0.001720583480613956
BakerySwap,BAKE,0.559948,0.002,0.021,-0.016,15467623.0,107743877.0,-0.008959168,0.011758908,0.14355918341419996
Hydra,HYDRA,9.26,0.004,0.04,0.0559999999999999,884096.0,107523003.0,0.518559999999999,0.3704,0.008222389398852635
Venus,XVS,8.86,0.003,0.04,-0.01,15729939.0,106857130.0,-0.0886,0.3544,0.14720532920919738
CRYPTO20,C20,3.21,0.005,0.094,-0.0139999999999999,244162.0,106817045.0,-0.044939999999999675,0.30174,0.002285796241601703
Pylon Protocol,MINE,0.054820562279,-0.002,0.025,0.118,255036.0,106639197.0,0.006468826348921999,0.001370514056975,0.0023915783987008077
QuarkChain,QKC,0.016027563853,0.008,0.0279999999999999,-0.031,2308543.0,106547838.0,-0.000496854479443,0.0004487717878839984,0.02166672776598245
Orion Protocol,ORN,3.06,0.003,-0.012,-0.074,9655123.0,104853664.0,-0.22644,-0.03672,0.09208188471124862
Seedify.fund,SFUND,4.37,-0.002,0.013,-0.168,3082745.0,104617801.0,-0.73416,0.05681,0.029466734824602173
TomoChain,TOMO,1.19,0.0069999999999999,0.015,-0.0279999999999999,2030435.0,104551092.0,-0.03331999999999988,0.017849999999999998,0.01942050495273641
Ellipsis,EPS,0.166502,-0.001,0.012,-0.0289999999999999,5645716.0,104379795.0,-0.004828557999999984,0.001998024,0.05408820739684342
Railgun,RAIL,1.81,-0.001,0.021,-0.175,471794.0,104202720.0,-0.31675,0.03801,0.004527655324160444
Decentral Games Governance,XDG,0.338029,0.013,0.052,0.013,147662.0,104005183.0,0.0043943770000000005,0.017577508000000002,0.0014197561673440831
Hermez Network,HEZ,6.17,0.002,0.015,0.013,68193.73,103279211.0,0.08020999999999999,0.09255,0.000660285156516155
AIOZ Network,AIOZ,0.214561,-0.012,-0.095,-0.107,5493212.0,103148149.0,-0.022958027,-0.020383295,0.05325555575408338
ICHI,ICHI,23.02,0.005,0.017,0.108,662181.0,100868057.0,2.48616,0.39134,0.006564823589295469
sETH,SETH,2821.01,0.006,0.039,0.033,3277906.0,100163119.0,93.09333000000001,110.01939,0.03272567820097535
Bitcoin Diamond,BCD,0.52929,0.015,0.0289999999999999,-0.0409999999999999,13758923.0,99286361.0,-0.02170088999999995,0.015349409999999949,0.13857817792314897
Metal,MTL,1.52,0.004,-0.001,-0.044,10399052.0,98146821.0,-0.06688,-0.00152,0.10595403798152565
Dopex Rebate Token,RDPX,105.79,-0.013,0.052,0.092,1970405.0,97862985.0,9.73268,5.50108,0.020134323513634905
Wilder World,WILD,1.17,-0.012,0.004,-0.178,4126450.0,97738316.0,-0.20825999999999997,0.00468,0.042219368706946
cBAT,CBAT,0.013887822764,0.001,0.011,-0.0139999999999999,7890414.5,96581377.0,-0.0001944295186959986,0.000152766050404,0.08169705946520103
Wrapped Centrifuge,WCFG,0.481036,-0.003,-0.01,-0.043,1727756.0,95950030.0,-0.020684548,-0.0048103600000000005,0.01800683126414864
Bounce,AUCTION,13.12,0.002,0.002,-0.0,1640514.0,94608029.0,-0.0,0.02624,0.01734011391358761
Augur,REP,13.56,0.001,0.01,-0.0409999999999999,5896456.0,94396497.0,-0.5559599999999987,0.1356,0.06246477557318679
sUSD,SUSD,0.997496,0.001,0.004,-0.003,9442897.0,94221877.0,-0.002992488,0.003989984,0.10021979290435915
Electroneum,ETN,0.005214209583,0.006,0.025,-0.05,189537.0,93414016.0,-0.00026071047915,0.000130355239575,0.0020289995882416616
KeeperDAO,ROOK,115.76,0.008,0.07,-0.105,652966.0,93199097.0,-12.1548,8.103200000000001,0.007006140842759453
Dvision Network,DVI,0.380746,0.008,0.091,-0.108,2438408.0,92462684.0,-0.041120567999999996,0.034647885999999996,0.026371806381912947
cUNI,CUNI,0.186789,0.002,0.02,0.013,818771.0,91378796.0,0.002428257,0.00373578,0.008960185905710554
Wanchain,WAN,0.472639,0.001,0.0,0.003,5680953.0,91293951.0,0.0014179169999999999,0.0,0.062227047222438645
IDEX,IDEX,0.142172,0.004,-0.002,-0.055,11854190.0,90697310.0,-0.00781946,-0.000284344,0.13070056873792618
Verasity,VRA,0.020213148673,0.008,-0.03,-0.113,55707710.0,90445041.0,-0.002284085800049,-0.0006063944601899999,0.615928848990184
Neutrino System Base Token,NSBT,35.75,-0.001,0.009,0.188,208377.0,90375202.0,6.721,0.32175,0.0023056877925429144
Everipedia,IQ,0.008982625251,-0.005,-0.004,-0.005,2844319.0,90044377.0,-4.4913126255e-05,-3.5930501004e-05,0.03158796911882682
HUNT,HUNT,0.821299,-0.001,0.069,0.006,104480496.0,89930148.0,0.004927794,0.056669631000000005,1.1617961086864885
Somnium Space CUBEs,CUBE,6.89,0.011,0.173,0.2,379297.0,89700384.0,1.3780000000000001,1.1919699999999998,0.004228488029661055
bZx Protocol,BZRX,0.062809109348,-0.7040000000000001,-0.6459999999999999,-0.4639999999999999,43.49,88971844.0,-0.029143426737471997,-0.040574684638808,4.888063239422126e-07
AllianceBlock,ALBT,0.229837,-0.003,0.038,0.053,380133.0,88953339.0,0.012181361,0.008733806,0.004273397764191854
ZoidPay,ZPAY,0.303949,-0.004,-0.018,0.212,580730.0,88904956.0,0.064437188,-0.005471082,0.0065320318025915225
Ampleforth,AMPL,1.07,0.0,-0.049,0.104,1359111.0,88008725.0,0.11128,-0.052430000000000004,0.015442912052185735
Bonfida,FIDA,1.65,-0.002,0.025,-0.083,7357829.0,87734475.0,-0.13695,0.04125,0.08386474074188055
Avalaunch,XAVA,3.92,-0.002,0.034,-0.024,1323970.0,86912829.0,-0.09408,0.13328,0.015233309227570995
Adventure Gold,AGLD,1.11,-0.011,0.009,0.089,56512453.0,85908280.0,0.09879,0.00999,0.6578231225209025
Adshares,ADS,3.55,0.001,0.0279999999999999,0.298,1188991.0,85408124.0,1.0578999999999998,0.09939999999999964,0.013921286925819844
Automata,ATA,0.368096,0.004,0.004,-0.003,3784037.0,83651315.0,-0.001104288,0.001472384,0.04523583400930398
Gains Farm,GFARM2,2330.78,-0.0,0.03,0.102,138508.0,83519135.0,237.73956,69.9234,0.001658398401755478
Crabada,CRA,0.957634,0.026,0.064,0.033,2393019.0,83266240.0,0.031601922,0.061288576,0.028739366638868287
CertiK,CTK,1.17,-0.002,-0.003,-0.009,4539353.0,82895723.0,-0.01053,-0.0035099999999999997,0.05475979743852406
Celo Dollar,CUSD,1.0,-0.001,0.005,0.004,2890566.0,82678314.0,0.004,0.005,0.034961598273520675
Propy,PRO,1.43,-0.005,0.087,-0.131,1092863.0,82507865.0,-0.18733,0.12440999999999999,0.013245561498894682
Swarm,BZZ,1.26,0.002,0.052,-0.0139999999999999,1150674.0,81979222.0,-0.017639999999999875,0.06552,0.014036166383720987
Clover Finance,CLV,0.313737,-0.003,0.0279999999999999,-0.0139999999999999,10080749.0,81842102.0,-0.004392317999999968,0.008784635999999969,0.12317314381783596
Covalent,CQT,0.319453,-0.0,0.036,-0.1,1930543.0,81675970.0,-0.0319453,0.011500307999999999,0.023636609396864218
chrono.tech,TIME,113.61,0.012,-0.036,-0.2339999999999999,150984.0,80595619.0,-26.58473999999999,-4.08996,0.0018733524461174496
Biswap,BSW,0.355954,0.002,-0.002,0.0579999999999999,4931153.0,80314265.0,0.020645331999999964,-0.000711908,0.06139822110057286
Gitcoin,GTC,5.65,0.004,-0.003,-0.102,7848894.0,80282760.0,-0.5763,-0.01695,0.09776562240760034
DFI.money,YFII,2018.73,0.001,-0.0139999999999999,-0.001,11327787.0,80185006.0,-2.01873,-28.262219999999797,0.1412706385530482
Redacted Cartel,BTRFLY,129.99,-0.001,0.14,-0.212,2195840.0,80079688.0,-27.55788,18.198600000000003,0.02742068625442197
SafePal,SFP,0.740146,-0.002,0.013,-0.018,8669227.0,80075567.0,-0.013322627999999998,0.009621897999999999,0.1082630735540093
Platypus Finance,PTP,4.14,0.005,-0.135,-0.354,5248814.0,79450747.0,-1.4655599999999998,-0.5589,0.06606374638617306
BENQI,QI,0.050743317046,0.0,0.024,-0.048,8530801.0,79411049.0,-0.002435679218208,0.001217839609104,0.10742586966707869
Aergo,AERGO,0.218479,-0.004,0.012,-0.129,7272167.0,79214487.0,-0.028183791000000003,0.002621748,0.09180349801419531
Enzyme,MLN,54.27,0.005,0.006,0.033,5114354.0,78897484.0,1.7909100000000002,0.32562,0.0648227768581315
Nerve Finance,NRV,0.018468001417,-0.015,0.057,-0.04,26173.31,77747624.0,-0.00073872005668,0.001052676080769,0.0003366444999013732
Rai Reflex Index,RAI,3.04,0.003,0.003,0.002,1057135.0,77616933.0,0.00608,0.00912,0.01361990172943319
Aurory,AURY,8.09,-0.001,0.008,0.004,1438567.0,76843664.0,0.03236,0.06472,0.0187206976491907
RIZON,ATOLO,0.034953545858,0.001,-0.018,-0.05,334964.0,75194885.0,-0.0017476772929,-0.0006291638254439999,0.0044546115071523815
Aave [OLD],LEND,1.47,0.002,0.079,0.072,11843.62,75160944.0,0.10583999999999999,0.11613,0.00015757678615638463
mStable USD,MUSD,0.999305,-0.0,-0.0,0.0,100066.0,74706759.0,0.0,-0.0,0.001339450423756169
DeFi Pulse Index,DPI,158.57,-0.005,0.024,0.012,264648.0,74590066.0,1.9028399999999999,3.8056799999999997,0.0035480327903182176
Blox,CDT,0.110513,0.053,0.151,-0.0069999999999999,151228.0,74560549.0,-0.000773590999999989,0.016687463,0.0020282575977277205
PlatonCoin,PLTC,0.682181,-0.001,0.068,0.1989999999999999,195574.0,74286948.0,0.13575401899999995,0.046388308,0.002632683200284389
ShapeShift FOX Token,FOX,0.272417,0.001,0.002,-0.0279999999999999,671439.0,74091492.0,-0.007627675999999973,0.000544834,0.00906229557369421
Handshake,HNS,0.155984,-0.004,-0.001,-0.168,171651.0,74049207.0,-0.026205312000000005,-0.00015598400000000002,0.00231806668773644
PEAKDEFI,PEAK,0.05519710958,0.04,-0.018,-0.175,72443.45,74047013.0,-0.0096594941765,-0.0009935479724399998,0.0009783439880282545
Presearch,PRE,0.186584,0.001,0.037,-0.025,706220.0,74002744.0,-0.0046646000000000005,0.0069036079999999994,0.009543159642837027
SingularityNET,AGIX,0.082793325047,-0.001,-0.015,-0.081,1211638.0,73431209.0,-0.006706259328807001,-0.001241899875705,0.016500313919657783
Sai,SAI,1.0,0.001,0.011,-0.0139999999999999,7890414.5,72643253.0,-0.0139999999999999,0.011,0.1086186834171647
Sifchain,EROWAN,0.092998915614,0.005,0.026,-0.031,2618246.0,72370847.0,-0.002882966384034,0.002417971805964,0.036178186500981535
Badger DAO,BADGER,7.24,-0.005,-0.011,-0.074,3893756.0,72193740.0,-0.53576,-0.07964,0.05393481484682744
Index Coop - ETH 2x Flexible Leverage Index,ETH2X-FLI,69.79,0.002,0.0559999999999999,0.063,1140003.0,72083620.0,4.39677,3.908239999999993,0.015815007625865626
Oxygen,OXY,0.355128,0.012,0.094,0.09,628756.0,71658098.0,0.03196152,0.033382032,0.008774388625274425
Hifi Finance,MFT,0.007610380739,-0.003,0.0069999999999999,0.0579999999999999,13457578.0,71444464.0,0.00044140208286199924,5.327266517299924e-05,0.18836418172302336
Vader Protocol,VADER,0.014688496373,0.008,0.022,-0.363,3416278.0,71296654.0,-0.005331924183399,0.00032314692020599995,0.04791638609015228
MAPS,MAPS,0.944908,0.0069999999999999,0.143,0.121,1481120.0,70633226.0,0.11433386799999999,0.135121844,0.020969168249514752
Wrapped NXM,WNXM,26.39,0.003,-0.01,-0.03,1579870.0,70593491.0,-0.7917,-0.2639,0.022379825358119772
Sovryn,SOV,3.32,-0.006,-0.0289999999999999,-0.159,732020.0,70581427.0,-0.52788,-0.09627999999999967,0.010371283652284333
Netvrk,NTVRK,1.71,-0.0069999999999999,0.1159999999999999,-0.0289999999999999,2603788.0,70480323.0,-0.04958999999999983,0.19835999999999981,0.03694347428004835
Dock,DOCK,0.033661853536,0.001,0.008,-0.022,2401530.0,70448413.0,-0.000740560777792,0.000269294828288,0.034089199425968615
ShareToken,SHR,0.007367750574,-0.0,0.0289999999999999,-0.175,261673.0,69453171.0,-0.00128935635045,0.00021366476664599925,0.0037676177521109872
TempleDAO,TEMPLE,0.641015,0.001,-0.036,-0.05,857448.0,69369413.0,-0.03205075,-0.02307654,0.012360606251634276
cVault.finance,CORE,6926.41,-0.005,0.026,0.0,42667.58,68840419.0,0.0,180.08666,0.0006198041880018191
GuildFi,GF,1.58,0.001,0.031,0.019,4047040.0,68575496.0,0.03002,0.04898,0.05901583271085637
ChainX,PCX,1.64,0.006,-0.015,0.033,523787.0,68530128.0,0.05412,-0.024599999999999997,0.007643163894280191
Loom Network (OLD),LOOMOLD,0.082172200347,0.005,0.102,0.018,2657217.0,68416663.0,0.0014790996062459998,0.008381564435394,0.03883874020573029
Travala.com,AVA,1.32,0.002,-0.01,0.003,3591714.0,68291858.0,0.00396,-0.013200000000000002,0.05259359029300389
Banana,BANANA,15.33,0.002,-0.181,0.3929999999999999,541918.0,68212793.0,6.024689999999999,-2.77473,0.007944521491738361
IRISnet,IRIS,0.055425599401,0.016,-0.003,-0.088,2976839.0,68090240.0,-0.004877452747288,-0.000166276798203,0.043719026397909595
Circuits of Value,COVAL,0.037961003776,0.002,-0.012,-0.054,366787.0,67826274.0,-0.002049894203904,-0.000455532045312,0.005407742138393155
ARPA Chain,ARPA,0.069003373522,-0.0,0.008,-0.037,13633759.0,67762845.0,-0.0025531248203140003,0.0005520269881760001,0.20119814922174534
SuperRare,RARE,0.464613,-0.003,0.0139999999999999,0.019,9398219.0,67388220.0,0.008827647,0.006504581999999953,0.13946382617021194
Verus Coin,VRSC,0.999387,0.053,0.061,-0.122,20275.07,67318962.0,-0.121925214,0.060962607,0.00030117918336292825
